﻿<scheme const="AHKL">
    <theme name="Default">
        <style name="Identifier" v="1" fc="0x000000" bc="" b="0" i="0" />
        <style name="CommentDoc" v="2" fc="0x008888" bc="" b="0" i="0" />
        <style name="CommentLine" v="3" fc="0x767676" bc="" b="0" i="1" />
        <style name="CommentBlock" v="4" fc="0x767676" bc="" b="0" i="1" />
        <style name="CommentKeyword" v="5" fc="0xA50000" bc="" b="0" i="0" />
        <style name="String" v="6" fc="0x183691" bc="" b="0" i="0" />
        <style name="StringOpts" v="7" fc="0x0000EE" bc="" b="0" i="0" />
        <style name="StringBlock" v="8" fc="0x183691" bc="" b="0" i="0" />
        <style name="StringComment" v="9" fc="0x000000" bc="" b="0" i="0" />
        <style name="Label" v="10" fc="0x0000DD" bc="" b="0" i="0" u="1" />
        <style name="Hotkey" v="11" fc="0x0000DD" bc="" b="0" i="0" />
        <style name="Hotstring" v="12" fc="0x183691" bc="" b="0" i="0" />
        <style name="HotstringOpt" v="13" fc="0x990099" bc="" b="0" i="0" />
        <style name="HexNumber" v="14" fc="0x880088" bc="" b="0" i="0" />
        <style name="DecNumber" v="15" fc="0x880088" bc="" b="0" i="0" />
        <style name="Var" v="16" fc="" bc="" b="0" i="0" />
        <style name="VarRef" v="17" fc="0x990055" bc="" b="0" i="0" />
        <style name="Object" v="18" fc="" bc="" b="0" i="0" />
        <style name="UserFunction" v="19" fc="0x0000DD" bc="" b="0" i="0" />
        <style name="Directive" v="20" fc="0x0000CF" bc="" b="0" i="0" />
        <style name="Command" v="21" fc="0x0070A0" bc="" b="0" i="0" />
        <style name="Param" v="22" fc="0x0070A0" bc="" b="0" i="0" />
        <style name="ControlFlow" v="23" fc="0x0000DD" bc="" b="0" i="0" />
        <style name="BuiltinFunction" v="24" fc="0x0F707F" bc="" b="0" i="0" />
        <style name="BuiltinVar" v="25" fc="0x9F1F6F" bc="" b="0" i="0" />
        <style name="Key" v="26" fc="0xA2A2A2" bc="" b="0" i="0" />
        <style name="UserDefined1" v="27" fc="" bc="" b="0" i="0" />
        <style name="EscapeSeq" v="30" fc="0x660000" bc="" b="0" i="0" />
        <style name="Error" v="31" fc="" bc="" b="0" i="0" />
    </theme>

    <theme name="Monokai">
        <style name="Identifier" v="1" fc="0xF8F8F2" bc="" b="0" i="0" />
        <style name="CommentDoc" v="2" fc="0x008888" bc="" b="0" i="0" />
        <style name="CommentLine" v="3" fc="0x75715E" bc="" b="0" i="0" />
        <style name="CommentBlock" v="4" fc="0x75715E" bc="" b="0" i="0" />
        <style name="CommentKeyword" v="5" fc="0xA50000" bc="" b="0" i="0" />
        <style name="String" v="6" fc="0xE6DB74" bc="" b="0" i="0" />
        <style name="StringOpts" v="7" fc="0xFD971F" bc="" b="0" i="0" />
        <style name="StringBlock" v="8" fc="0xE6DB74" bc="" b="0" i="0" />
        <style name="StringComment" v="9" fc="0x75715E" bc="" b="0" i="0" />
        <style name="Label" v="10" fc="0xA6E22E" bc="" b="0" i="0" />
        <style name="Hotkey" v="11" fc="0xA6E22E" bc="" b="0" i="0" />
        <style name="Hotstring" v="12" fc="0xA6E22E" bc="" b="0" i="0" />
        <style name="HotstringOpt" v="13" fc="0xFD971F" bc="" b="0" i="0" />
        <style name="HexNumber" v="14" fc="0xAE81FF" bc="" b="0" i="0" />
        <style name="DecNumber" v="15" fc="0xAE81FF" bc="" b="0" i="0" />
        <style name="Var" v="16" fc="" bc="" b="0" i="0" />
        <style name="VarRef" v="17" fc="0x990055" bc="" b="0" i="0" />
        <style name="Object" v="18" fc="" bc="" b="0" i="0" />
        <style name="UserFunction" v="19" fc="0xA6E22E" bc="" b="0" i="0" />
        <style name="Directive" v="20" fc="0xF92672" bc="" b="0" i="0" />
        <style name="Command" v="21" fc="0xF92672" bc="" b="0" i="0" />
        <style name="Param" v="22" fc="0xFD971F" bc="" b="0" i="0" />
        <style name="ControlFlow" v="23" fc="0xF92672" bc="" b="0" i="0" />
        <style name="BuiltinFunction" v="24" fc="0x66D9EF" bc="" b="0" i="0" />
        <style name="BuiltinVar" v="25" fc="0x66D9EF" bc="" b="0" i="1" />
        <style name="Key" v="26" fc="0xA2A2A2" bc="" b="0" i="0" />
        <style name="UserDefined1" v="27" fc="" bc="" b="0" i="0" />
        <style name="EscapeSeq" v="30" fc="0xFD971F" bc="" b="0" i="0" />
        <style name="Error" v="31" fc="0xFF0000" bc="" b="0" i="0" />
    </theme>

    <keywords>
        <language id="AHK2">
            <group id="0" name="Directives" keywords="#clipboardtimeout #dllload #errorstdout #hotstring #HotIf #HotIfTimeout #include #includeagain #inputlevel #maxthreads #maxthreadsbuffer #maxthreadsperhotkey #notrayicon #persistent #requires #singleinstance #usehook #warn #winactivateforce" />

            <group id="1" name="Commands" keywords="_addref _clone _getaddress _getcapacity _insert _maxindex _minindex _newenum _release _remove _setcapacity abs acos asin atan blockinput buffer callbackcreate callbackfree caretgetpos ceil chr click clipboardall clipwait comcall comobjactive comobjarray comobjconnect comobject comobjflags comobjfromptr comobjget comobjquery comobjtype comobjvalue comvalue controladditem  controlchooseindex controlchoosestring controlclick controldeleteitem controlfinditem controlfocus controlgetchecked controlgetchoice controlgetclassnn controlgetenabled controlgetfocus controlgethwnd controlgetindex controlgetitems controlgetpos controlgetstyle controlgetexstyle controlgettext controlgetvisible controlhide controlhidedropdown controlmove controlsend controlsendtext controlsetchecked controlsetenabled controlsetstyle controlsetexstyle controlsettext controlshow controlshowdropdown coordmode cos critical dateadd datediff detecthiddentext detecthiddenwindows dircopy dircreate dirdelete direxist dirmove dirselect dllcall download driveeject drivegetcapacity drivegetfilesystem drivegetlabel drivegetlist drivegetserial drivegetspacefree drivegetstatus drivegetstatuscd drivegettype drivelock driveretract drivesetlabel driveunlock edit editgetcurrentcol editgetcurrentline editgetline editgetlinecount editgetselectedtext editpaste envget envset exp fileappend filecopy filecreateshortcut filedelete fileencoding fileexist fileinstall filegetattrib filegetshortcut filegetsize filegettime filegetversion filemove fileopen fileread filerecycle filerecycleempty fileselect filesetattrib filesettime float floor format formattime getkeyname getkeysc getkeystate getkeyvk getmethod groupactivate groupadd groupclose groupdeactivate guictrlfromhwnd guifromhwnd hasbase hasmethod hasprop hotif hotifwin hotkey hotstring il_add il_create il_destroy imagesearch inidelete iniread iniwrite inputbox inputhook installkeybdhook installmousehook instr integer islabel isobject isset issetref keyhistory keywait listhotkeys listlines listvars listviewgetcontent loadpicture log ln map max menubar menu menufromhandle menuselect min mod monitorget monitorgetcount monitorgetname monitorgetprimary monitorgetworkarea mouseclick mouseclickdrag mousegetpos mousemove msgbox number numget numput objaddref objbindmethod objhasownprop objownprops objgetbase objgetcapacity objownpropcount objsetbase objsetcapacity onclipboardchange onerror onexit onmessage ord outputdebug persistent pixelgetcolor pixelsearch postmessage processclose processexist processgetname processgetparent processgetpath processsetpriority processwait processwaitclose random  regexmatch regexreplace regcreatekey regdelete regdeletekey regread regwrite round run runas runwait send sendtext sendinput sendplay sendevent sendlevel sendmessage sendmode setcapslockstate setcontroldelay setdefaultmousespeed setkeydelay setmousedelay setnumlockstate setscrolllockstate setregview setstorecapslockmode settimer settitlematchmode setwindelay setworkingdir shutdown sin sort soundbeep soundgetinterface soundgetmute soundgetname soundgetvolume soundplay soundsetmute soundsetvolume splitpath sqrt statusbargettext statusbarwait strcompare strget string strlen strlower strptr strput strreplace strsplit strtitle strupper substr sysget  sysgetipaddresses tan thread tooltip trayseticon traytip trim ltrim  rtrim type vercompare varsetstrcapacity winactivate winactivatebottom winactive winclose winexist wingetclass wingetclientpos wingetcontrols wingetcontrolshwnd wingetcount wingetid wingetidlast wingetlist wingetminmax wingetpid wingetpos wingetprocessname wingetprocesspath wingetstyle wingetexstyle wingettext wingettitle wingettranscolor wingettransparent winhide winkill winmaximize winminimize winminimizeall winminimizeallundo winmove winmovebottom winmovetop winredraw winrestore winsetalwaysontop winsetenabled winsetregion winsetstyle winsetexstyle winsettitle winsettranscolor winsettransparent winshow winwait winwaitactive winwaitnotactive winwaitclose" />

            <group id="2" name="Parameters" keywords="abort abovenormal activex add ahk_class ahk_exe ahk_group ahk_id ahk_pid all alnum alpha altsubmit alttab alttabandmenu alttabmenu alttabmenudismiss alwaysontop and astr autohotkey autosize background backgroundtrans base belownormal between bitand bitnot bitor bitshiftleft bitshiftright bitxor bold border bottom bottom button buttons cancel cancel capacity caption caret center center char charp check check3 checkbox checked checkedgray choice choose choosenone choosestring classoverwrite click close color combobox contains controllist controllisthwnd count currentcol currentline custom date datetime days ddl default delete deleteall delimiter deref destroy digit disable disabled double doublep dpiscale dropdownlist edit editpaste eject enable enabled error exist exit expand exstyle filesystem findstring first flash float float floatfast floatp focus focusv font force fromcodepage grid group groupbox guiclose guicontextmenu guidropfiles guiescape guisize hdr hidden hide hidedropdown high hkcc hkcr hkcu hkey_classes_root hkey_current_config hkey_current_user hkey_local_machine hkey_users hklm hku horz hotkey hours hscroll hwnd icon iconsmall id idlast ignore imagelist in int int64 int64p integer integerfast interrupt intp invert is italic join label lastfound lastfoundexist left limit line linecount lines link list listbox listview localsameasglobal lock logoff longdate low lower lowercase ltrim mainwindow margin maximize maximizebox maxsize menu minimize minimizebox minmax minsize minutes monitor monitorcount monitorname monitorprimary monitorworkarea monthcal mouse mousemove mousemoveoff move movedraw multi na name no noactivate nodefault nohide noicon nomainwindow norm normal nosort nosorthdr nostandard not notab noticks notimers number number off ok on or owndialogs owner parse password password pic picture pid pixel pos pow priority processname processpath progress ptr ptrp radio range read readonly realtime redraw reg_binary reg_dword reg_dword_big_endian reg_expand_sz reg_full_resource_descriptor reg_link reg_multi_sz reg_qword reg_resource_list reg_resource_requirements_list reg_sz regex region relative reload rename report resize restore retry rgb right rtrim rtrim0 screen seconds section section selected send sendandmouse serial setlabel shiftalttab short shortp show showdropdown shutdown simple single slider smooth sort sortdesc standard status statusbar statuscd str strike style submit sysmenu tab tab2 tab3 tableft tabright tabstop text text theme thick tile time tip tocodepage togglecheck toggleenable tooltip toolwindow top top topmost transcolor transparent tray treeview tryagain type uchar ucharp uint uint64 uint64p uintp uncheck underline unicode unlock unreachable updown upper uppercase useenv useerrorlevel useunsetglobal useunsetlocal ushort ushortp vertical vis visfirst visible vscroll wait waitclose wantctrla wantf2 wantreturn wanttab wrap wstr xdigit xm xp xs yes ym yp ys" />

            <group id="3" name="Control flow" keywords="break byref case catch continue default else exit exitapp finally for if global goto local loop onexit pause repeat return settimer sleep static suspend switch try until while" />

            <group id="4" name="Functions" keywords="_addref _clone _getaddress _getcapacity _insert _maxindex _minindex _newenum _release _remove _setcapacity abs acos asin atan blockinput buffer callbackcreate callbackfree caretgetpos ceil chr click clipboardall clipwait comcall comobjactive comobjarray comobjconnect comobject comobjflags comobjfromptr comobjget comobjquery comobjtype comobjvalue comvalue controladditem  controlchooseindex controlchoosestring controlclick controldeleteitem controlfinditem controlfocus controlgetchecked controlgetchoice controlgetclassnn controlgetenabled controlgetfocus controlgethwnd controlgetindex controlgetitems controlgetpos controlgetstyle controlgetexstyle controlgettext controlgetvisible controlhide controlhidedropdown controlmove controlsend controlsendtext controlsetchecked controlsetenabled controlsetstyle controlsetexstyle controlsettext controlshow controlshowdropdown coordmode cos critical dateadd datediff detecthiddentext detecthiddenwindows dircopy dircreate dirdelete direxist dirmove dirselect dllcall download driveeject drivegetcapacity drivegetfilesystem drivegetlabel drivegetlist drivegetserial drivegetspacefree drivegetstatus drivegetstatuscd drivegettype drivelock driveretract drivesetlabel driveunlock edit editgetcurrentcol editgetcurrentline editgetline editgetlinecount editgetselectedtext editpaste envget envset exp fileappend filecopy filecreateshortcut filedelete fileencoding fileexist fileinstall filegetattrib filegetshortcut filegetsize filegettime filegetversion filemove fileopen fileread filerecycle filerecycleempty fileselect filesetattrib filesettime float floor format formattime getkeyname getkeysc getkeystate getkeyvk getmethod groupactivate groupadd groupclose groupdeactivate guictrlfromhwnd guifromhwnd hasbase hasmethod hasprop hotif hotifwin hotkey hotstring il_add il_create il_destroy imagesearch inidelete iniread iniwrite inputbox inputhook installkeybdhook installmousehook instr integer islabel isobject isset issetref keyhistory keywait listhotkeys listlines listvars listviewgetcontent loadpicture log ln map max menubar menu menufromhandle menuselect min mod monitorget monitorgetcount monitorgetname monitorgetprimary monitorgetworkarea mouseclick mouseclickdrag mousegetpos mousemove msgbox number numget numput objaddref objbindmethod objhasownprop objownprops objgetbase objgetcapacity objownpropcount objsetbase objsetcapacity onclipboardchange onerror onexit onmessage ord outputdebug persistent pixelgetcolor pixelsearch postmessage processclose processexist processgetname processgetparent processgetpath processsetpriority processwait processwaitclose random  regexmatch regexreplace regcreatekey regdelete regdeletekey regread regwrite round run runas runwait send sendtext sendinput sendplay sendevent sendlevel sendmessage sendmode setcapslockstate setcontroldelay setdefaultmousespeed setkeydelay setmousedelay setnumlockstate setscrolllockstate setregview setstorecapslockmode settimer settitlematchmode setwindelay setworkingdir shutdown sin sort soundbeep soundgetinterface soundgetmute soundgetname soundgetvolume soundplay soundsetmute soundsetvolume splitpath sqrt statusbargettext statusbarwait strcompare strget string strlen strlower strptr strput strreplace strsplit strtitle strupper substr sysget  sysgetipaddresses tan thread tooltip trayseticon traytip trim ltrim  rtrim type vercompare varsetstrcapacity winactivate winactivatebottom winactive winclose winexist wingetclass wingetclientpos wingetcontrols wingetcontrolshwnd wingetcount wingetid wingetidlast wingetlist wingetminmax wingetpid wingetpos wingetprocessname wingetprocesspath wingetstyle wingetexstyle wingettext wingettitle wingettranscolor wingettransparent winhide winkill winmaximize winminimize winminimizeall winminimizeallundo winmove winmovebottom winmovetop winredraw winrestore winsetalwaysontop winsetenabled winsetregion winsetstyle winsetexstyle winsettitle winsettranscolor winsettransparent winshow winwait winwaitactive winwaitnotactive winwaitclose" />

            <group id="5" name="Built-in variables" keywords="a_ahkpath a_ahkversion a_allowmainwindow a_appdata a_appdatacommon a_args a_computername a_comspec a_controldelay a_coordmodecaret a_coordmodemenu a_coordmodemouse a_coordmodepixel a_coordmodetooltip a_cursor a_dd a_ddd a_dddd a_defaultmousespeed a_desktop a_desktopcommon a_detecthiddentext a_detecthiddenwindows a_endchar a_eventinfo a_fileencoding a_hotkeyinterval a_hotkeymodifiertimeout a_hour a_iconfile a_iconhidden a_iconnumber a_icontip a_index a_initialworkingdir a_is64bitos a_isadmin a_iscompiled a_iscritical a_ispaused a_issuspended a_keydelay a_keydelayplay a_keyduration a_keydurationplay a_language a_lasterror a_linefile a_linenumber a_listlines a_loopfield a_loopfileattrib a_loopfiledir a_loopfileext a_loopfilepath a_loopfilefullpath a_loopfilename a_loopfilepath a_loopfileshortname a_loopfileshortpath a_loopfilesize a_loopfilesizekb a_loopfilesizemb a_loopfiletimeaccessed a_loopfiletimecreated a_loopfiletimemodified a_loopreadline a_loopregkey a_loopregname a_loopregtimemodified a_loopregtype a_maxhotkeysperInterval a_mday a_menumaskKey a_min a_mm a_mmm a_mmmm a_mon a_mousedelay a_mousedelayplay a_msec a_mydocuments a_now a_nowutc a_numbatchlines a_ostype a_osversion a_priorhotkey a_priorkey a_programfiles a_programs a_programscommon a_ptrsize a_regview a_screendpi a_screenheight a_screenwidth a_scriptdir a_scriptfullpath a_scripthwnd a_scriptname a_sec a_sendlevel a_sendmode a_space a_startmenu a_startmenucommon a_startup a_startupcommon a_storecapslockmode a_tab a_temp a_thisfunc a_thishotkey a_tickcount a_timeidle a_timeidlekeyboard a_timeidlemouse a_timeidlephysical a_timesincepriorhotkey a_timesincethishotkey a_titlematchmode a_titlematchmodespeed a_username a_wday a_windelay a_windir a_workingdir a_yday a_year a_yweek a_yyyy a_comspec a_clipboard errorlevel" />

            <group id="6" name="Keys" keywords="alt altdown altup appskey backspace blind browser_back browser_favorites browser_forward browser_home browser_refresh browser_search browser_stop bs capslock click control ctrl ctrlbreak ctrldown ctrlup del delete down end enter esc escape f1 f10 f11 f12 f13 f14 f15 f16 f17 f18 f19 f2 f20 f21 f22 f23 f24 f3 f4 f5 f6 f7 f8 f9 home ins insert joy1 joy10 joy11 joy12 joy13 joy14 joy15 joy16 joy17 joy18 joy19 joy2 joy20 joy21 joy22 joy23 joy24 joy25 joy26 joy27 joy28 joy29 joy3 joy30 joy31 joy32 joy4 joy5 joy6 joy7 joy8 joy9 joyaxes joybuttons joyinfo joyname joypov joyr joyu joyv joyx joyy joyz lalt launch_app1 launch_app2 launch_mail launch_media lbutton lcontrol lctrl left lshift lwin lwindown lwinup mbutton media_next media_play_pause media_prev media_stop numlock numpad0 numpad1 numpad2 numpad3 numpad4 numpad5 numpad6 numpad7 numpad8 numpad9 numpadadd numpadclear numpaddel numpaddiv numpaddot numpaddown numpadend numpadenter numpadhome numpadins numpadleft numpadmult numpadpgdn numpadpgup numpadright numpadsub numpadup pause pgdn pgup printscreen ralt raw rbutton rcontrol rctrl right rshift rwin rwindown rwinup scrolllock shift shiftdown shiftup space tab up volume_down volume_mute volume_up wheeldown wheelleft wheelright wheelup xbutton1 xbutton2" />
        </language>
    </keywords>
</scheme>
