﻿<?xml version="1.0" encoding="UTF-8"?>
<HelpMenu>
    <MenuItem name="初学者教程" url="/docs/Tutorial.htm" />
    <MenuItem name="变量和表达式" url="/docs/Variables.htm" />
    <MenuItem name="命令和函数列表" url="/docs/commands/index.htm" />
    <MenuItem name="脚本" url="/docs/Scripts.htm" />
    <MenuItem name="函数" url="/docs/Functions.htm" />
    <MenuItem name="常见问题" url="/docs/FAQ.htm" />

    <Menu name="AutoHotkey">
        <MenuItem name="AutoHotkey 中文社区" url="https://www.autoahk.com/" type="3" />
        <MenuItem name="下载" url="https://www.autoahk.com/archives/15416" type="3" />
        <MenuItem name="在线文档" url="https://www.autoahk.com/help/autohotkey/zh-cn/docs/AutoHotkey.htm" type="3" />
        <MenuItem name="论坛" url="https://www.autoahk.com/ahkcn" type="3" />
        <MenuItem name="专题" url="https://www.autoahk.com/collection" type="3" />
    </Menu>

    <Menu name="文件">
        <MenuItem name="FileExist" url="/docs/commands/FileExist.htm" />
        <MenuItem name="FileOpen" url="/docs/commands/FileOpen.htm" />
        <MenuItem name="File 对象" url="/docs/objects/File.htm" />
        <MenuItem name="FileRead" url="/docs/commands/FileRead.htm" />
        <MenuItem name="FileAppend" url="/docs/commands/FileAppend.htm" />
        <MenuItem name="Loop (files and folders)" url="/docs/commands/LoopFile.htm" />
        <MenuItem name="Loop (read file contents)" url="/docs/commands/LoopReadFile.htm" />
        <MenuItem name="SplitPath" url="/docs/commands/SplitPath.htm" />
        <MenuItem name="IniRead" url="/docs/commands/IniRead.htm" />
        <MenuItem name="FileCreateDir" url="/docs/commands/FileCreateDir.htm" />
    </Menu>

    <Menu name="GUI">
        <MenuItem name="Gui命令" url="/docs/commands/Gui.htm" />
        <MenuItem name="GUI控件类型" url="/docs/commands/GuiControls.htm" />
        <MenuItem name="GUI样式" url="/docs/misc/Styles.htm" />
        <MenuItem name="ListView控件" url="/docs/commands/ListView.htm" />
        <MenuItem name="Menus" url="/docs/commands/Menu.htm" />
        <MenuItem name="GuiControl" url="/docs/commands/GuiControl.htm" />
        <MenuItem name="GuiControlGet" url="/docs/commands/GuiControlGet.htm" />
        <MenuItem name="ControlGet" url="/docs/commands/ControlGet.htm" />
        <MenuItem name="WinGet" url="/docs/commands/WinGet.htm" />
        <MenuItem name="WinExist" url="/docs/commands/WinExist.htm" />
        <MenuItem name="MsgBox" url="/docs/commands/MsgBox.htm" />
        <MenuItem name="FileSelectFile" url="/docs/commands/FileSelectFile.htm" />
    </Menu>

    <Menu name="键盘和鼠标">
        <MenuItem name="Hotkeys" url="/docs/Hotkeys.htm" />
        <MenuItem name="Hotkey command" url="/docs/commands/Hotkey.htm" />
        <MenuItem name="按键列表" url="/docs/KeyList.htm" />
        <MenuItem name="重新映射键和按钮" url="/docs/misc/Remap.htm" />
        <MenuItem name="Hotstrings" url="/docs/Hotstrings.htm" />
        <MenuItem name="Send" url="/docs/commands/Send.htm" />
        <MenuItem name="GetKeyState" url="/docs/commands/GetKeyState.htm" />
        <MenuItem name="MouseGetPos" url="/docs/commands/MouseGetPos.htm" />
    </Menu>

    <Menu name="杂项">
        <MenuItem name="Run" url="/docs/commands/Run.htm" />
        <MenuItem name="Clipboard" url="/docs/misc/Clipboard.htm" />
        <MenuItem name="SetTimer" url="/docs/commands/SetTimer.htm" />
        <MenuItem name="Process" url="/docs/commands/Process.htm" />
        <MenuItem name="Round" url="/docs/commands/Math.htm#Round" />
        <MenuItem name="Sort" url="/docs/commands/Sort.htm" />
        <MenuItem name="Random" url="/docs/commands/Random.htm" />
        <MenuItem name="UrlDownloadToFile" url="/docs/commands/URLDownloadToFile.htm" />
        <MenuItem name="RegRead" url="/docs/commands/RegRead.htm" />
        <MenuItem name="PixelGetColor" url="/docs/commands/PixelGetColor.htm" />
        <MenuItem name="ListVars" url="/docs/commands/ListVars.htm" />
        <MenuItem name="OutputDebug" url="/docs/commands/OutputDebug.htm" />
    </Menu>

    <Menu name="类">
        <MenuItem name="对象和数组" url="/docs/Objects.htm" />
        <MenuItem name="对象方法" url="/docs/objects/Object.htm" />
        <MenuItem name="函数对象" url="/docs/objects/Functor.htm" />
        <MenuItem name="COM 对象" url="/docs/commands/ComObjCreate.htm" />
    </Menu>

    <Menu name="字符串">
        <MenuItem name="InStr" url="/docs/commands/InStr.htm" />
        <MenuItem name="SubStr" url="/docs/commands/SubStr.htm" />
        <MenuItem name="StrLen" url="/docs/commands/StringLen.htm" />
        <MenuItem name="StrSplit" url="/docs/commands/StringSplit.htm" />
        <MenuItem name="Trim" url="/docs/commands/Trim.htm" />
        <MenuItem name="Format" url="/docs/commands/Format.htm" />
        <MenuItem name="StrReplace" url="/docs/commands/StringReplace.htm" />
        <MenuItem name="RegExMatch" url="/docs/commands/RegExMatch.htm" />
        <MenuItem name="RegExReplace" url="/docs/commands/RegExReplace.htm" />
        <MenuItem name="RegEx 参考" url="/docs/misc/RegEx-QuickRef.htm" />
    </Menu>

    <Menu name="Windows API">
        <MenuItem name="AHK-WinAPI 列表" url="Help\AHK-WinAPI.htm" type="2" iconres="Help\Images\Windows.ico" />
        <MenuItem name="Sendmessage" url="/docs/commands/PostMessage.htm" />
        <MenuItem name="OnMessage" url="/docs/commands/OnMessage.htm" />
        <MenuItem name="VarSetCapacity" url="/docs/commands/VarSetCapacity.htm" />
        <MenuItem name="DllCall使用" url="/docs/commands/DllCall.htm" />
        <MenuItem name="Windows API 索引" url="https://docs.microsoft.com/en-us/windows/win32/apiindex/windows-api-list" type="3" />
        <MenuItem name="按类别划分的函数" url="https://msdn.microsoft.com/en-us/library/aa383686(v=vs.85).aspx" type="3" />
    </Menu>
</HelpMenu>
