﻿<?xml version="1.0"?>
<!-- DO NOT EDIT THIS FILE! -->
<history>
	<files>
		<file path="J:\Radial menu v4\data\影子输入法23.03.31\Yzime.ahk" pos="0" lm="" tm="" sels="" folds=""/>
		<file path="J:\Radial menu v4\data\autoahk\AdventureCN - v5.6++\Adventure\Settings\Adventure.ini" pos="0" lm="" tm="" sels="" folds=""/>
		<file path="J:\Radial menu v4\data\autoahk\AdventureCN - v5.6++\Adventure\Include\Settings.ahk" pos="4285" lm="" tm="" sels="" folds=""/>
		<file path="J:\Radial menu v4\data\autoahk\AdventureCN - v5.6++\Adventure\Include\Globals.ahk" pos="3731" lm="" tm="" sels="3719-3731" folds=""/>
		<file path="J:\Radial menu v4\data\autoahk\AdventureCN - v5.6++\Adventure\Include\Editor.ahk" pos="34615" lm="1229" tm="" sels="" folds=""/>
		<file path="J:\Radial menu v4\data\autoahk\AdventureCN - v5.6++\Adventure\AutoComplete\AutoHotkey v2.ac" pos="309315" lm="" tm="" sels="" folds=""/>
		<file path="J:\Radial menu v4\data\autoahk\AdventureCN - v5.6++\Adventure\Adventure.ahk" pos="81348" lm="" tm="" sels="" folds=""/>
		<file path="C:\Users\河\Desktop\一分钟输入法.ahk" pos="1230" lm="" tm="" sels="" folds=""/>
		<file path="J:\Radial menu v4\data\autoahk\AdventureCN - v5.6++\Adventure\Lib\Scintilla.ahk" pos="2116" lm="" tm="" sels="" folds=""/>
		<file path="J:\Radial menu v4\data\autoahk\AdventureCN - v5.6++\Adventure\Lib\AuxLib.ahk" pos="9714" lm="" tm="" sels="" folds=""/>
		<file path="J:\Radial menu v4\data\autoahk\AdventureCN - v5.6++\Adventure\Tools\AhkHelp\AhkHelp.ahk" pos="776" lm="" tm="" sels="" folds=""/>
		<file path="J:\Radial menu v4\data\autoahk\AdventureCN - v5.6++\Adventure\Tools\Easy-Auto-GUI-for-AHK-v2-main\Easy-Auto-GUI-for-AHK-v2-main\required\Sessions\Session Saved on Exit.session" pos="0" lm="" tm="" sels="" folds=""/>
		<file path="J:\Radial menu v4\data\autoahk\AdventureCN - v5.6++\Adventure\Themes\Specifics\XML.xml" pos="1610" lm="" tm="" sels="" folds=""/>
		<file path="J:\Radial menu v4\data\autoahk\AdventureCN - v5.6++\Adventure\Themes\Specifics\AutoHotkey V2.xml" pos="0" lm="" tm="" sels="" folds=""/>
		<file path="J:\Radial menu v4\data\autoahk\AdventureCN - v5.6++\Adventure\Themes\Themes.xml" pos="695" lm="" tm="" sels="" folds=""/>
		<file path="J:\Radial menu v4\data\autoahk\AdventureCN - v5.6++\Adventure\Help\Keyboard.ahk" pos="1892" lm="" tm="" sels="" folds=""/>
		<file path="J:\Radial menu v4\data\autoahk\AdventureCN - v5.6++\Adventure\Include\Menu.ahk" pos="3188" lm="" tm="" sels="" folds=""/>
		<file path="C:\Program Files\AutoHotkey\UX\ui-editor.ahk" pos="6944" lm="" tm="" sels="" folds=""/>
		<file path="D:\auto-hotkey-demo\20240310\01.ahk" pos="706" lm="" tm="" sels="" folds=""/>
	</files>
	<recent items="18|19"/>
	<sessions>
		<session name="Session Saved on Exit" items="19" active="1"/>
		<session name="2023年9月16日" items="1|7|6|5|4|3|2|8|9|11|10|15|14|13|12|17|16" active="1"/>
	</sessions>
	<favorites items=""/>
</history>
