﻿<?xml version="1.0"?>
<tools>
	<tool title="AhkSpyCN" file="{:PROGDIR:}\Tools\AhkSpyCN.ahk" params="" workingdir="" icon="{:ICONSDIR:}\R-C.jpg" iconindex="1" desc=""/>
	<tool title="AHKV1-GUI设计器" file="{:PROGDIR:}\Tools\GUI Designer\Auto-GUI.ahk" params="" workingdir="" icon="{:ICONSDIR:}\Auto-GUI.icl" iconindex="1" desc="用于AHK的Windows窗体设计器"/>
	<tool title="AHKV2-GUI设计器" file="{:PROGDIR:}\Tools\Easy-Auto-GUI-for-AHK-v2-main\Easy-Auto-GUI-for-AHK-v2-main\Launch_AutoGUI.ahk" params="" workingdir="" icon="{:ICONSDIR:}\Auto-GUI.icl" iconindex="1" desc=""/>
	<tool title="AHKV1-录制器（pmc）" file="{:PROGDIR:}\Tools\PuloversMacroCreator\MacroCreatorPortable\x64\MacroCreator\MacroCreator.exe" params="" workingdir="" icon="{:ICONSDIR:}\macro-120x72.jpg" iconindex="1" desc=""/>
	<tool title="AHK脚本管理器" file="{:PROGDIR:}\Tools\AutoTaskMan\AutoTaskMan.ahk" params="" workingdir="" icon="{:ICONSDIR:}\AutoTaskMan.icl" iconindex="1" desc="AutoHotkey脚本管理器"/>
	<tool title="DllCall终结者" file="{:PROGDIR:}\Tools\\AHKDllCall\AHK DllCall 终结者.ahk" params="" workingdir="" icon="{:ICONSDIR:}\dllcall.ico" iconindex="" desc=""/>
	<tool title="结构体解析器" file="{:PROGDIR:}\Tools\Structor（计算结构体大小）\Structor\Structor.ahk" params="" workingdir="" icon="{:ICONSDIR:}\Structor.ico" iconindex="" desc=""/>
	<tool title="AHK指令生成器" file="{:PROGDIR:}\Tools\AhkDirectives\AhkDirectives.ahk" params="/A" workingdir="" icon="{:ICONSDIR:}\AhkDirectives.ico" iconindex="1" desc="AutoHotkey指令生成器"/>
	<tool title="COM 检查器" file="{:PROGDIR:}\Tools\COM Inspector\COM Inspector.ahk" params="" workingdir="" icon="{:ICONSDIR:}\COM Inspector.ico" iconindex="1" desc="ActiveX/COM对象检查器"/>
	<tool title="内置变量查看器" file="{:PROGDIR:}\Tools\A_Variables\A_Variables.ahk" params="" workingdir="" icon="{:ICONSDIR:}\A_Variables.ico" iconindex="1" desc="AutoHotkey 内置变量查看器"/>
	<tool title="正则工具" file="{:PROGDIR:}\Tools\Expressive\Expressive.ahk" params="" workingdir="" icon="{:ICONSDIR:}\Expressive.icl" iconindex="1" desc="正则表达式工具"/>
	<tool title="系统消息查看器" file="{:PROGDIR:}\Tools\Constantine\Constantine.ahk" params="/find {:SELTEXT:}" workingdir="" icon="{:ICONSDIR:}\Constantine.icl" iconindex="1" desc="Windows API constants reference"/>
	<tool title="ErrorView" file="{:PROGDIR:}\Tools\ErrorView\ErrorView.ahk" params="" workingdir="" icon="{:ICONSDIR:}\ErrorView.ico" iconindex="1" desc="Win32 error messages reference"/>
	<tool title="XML语法检查器" file="{:PROGDIR:}\Tools\XML Syntax Checker\XML Syntax Checker.ahk" params="&quot;{:FULLPATH:}&quot;" workingdir="" icon="msxml3.dll" iconindex="2" desc=""/>
	<tool title="MagicBox" file="{:PROGDIR:}\Tools\MagicBox\MagicBox.ahk" params="" workingdir="" icon="{:ICONSDIR:}\MagicBox.ico" iconindex="1" desc="Message box generator"/>
</tools>
